<manifest><control namespace="msft" constructor="ScrollObserver" version="0.1.0" display-name-key="ScrollObserver" description-key="ScrollObserver description" control-type="standard" api-version="1.3.8"><external-service-usage enabled="false" /><data-set name="sections" display-name-key="sections"><property-set name="DivId" display-name-key="DivId" of-type="SingleLine.Text" usage="bound" required="false" /><property-set name="Name" display-name-key="Name" of-type="SingleLine.Text" usage="bound" required="false" /></data-set><property name="BaselineDivId" display-name-key="BaselineDivId" description-key="BaselineDivId" of-type="SingleLine.Text" usage="bound" required="true" /><property name="Sections" display-name-key="Sections" description-key="Sections" of-type="SingleLine.Text" usage="bound" required="true" /><property name="CurrentSection" display-name-key="CurrentSection" description-key="CurrentSection" of-type="SingleLine.Text" usage="output" required="true" /><resources><code path="bundle.js" order="1" /></resources><built-by name="pac" version="1.29.9" /></control></manifest>